KOMPONEN PENGEMBANGAN,,,,,,
,,,,,,
No,Nama Komponen,Jumlah,Keterangan,Package,Distributor,Part Number
1,0,874,RESISTOR 1/8W 5%,0805 SMD,DIGI-KEY,
2,0.039,10,RESISTOR 3/4W 1%,1206 SMD,DIGI-KEY,408-1577-1-ND
3,0.005,2,RESISTOR 1W 1%,2512 SMD,DIGI-KEY,P5.0MCT-ND
4,0.005,7,RESISTOR CURRENT SENSE 2W 1%,,DIGI-KEY,MCS3264R005FERCT-ND
5,0.01,10,RESISTOR 1W 1%,1206 SMD,,PRL1632.010FCT-ND
6,0.01,10,RESISTOR 2W 1%,3264 SMD,DIGI-KEY,MCS3264R010FERCT-ND
7,0.01,105,RESISTOR 1W,2512 SMD,,
8,0.01,4,RESISTOR 3W 1%,2512 SMD,DIGI-KEY,CRA2512-FZ-R010ELFCT-ND
9,0.012,99,RESISTOR 1W,2512 SMD,,
10,0.015,10,RESISTOR CURRENT SENSE 2W 1%,,DIGI-KEY,MCS2364R015FERCT-ND
11,0.015,104,RESISTOR 1W,2512 SMD,,
12,0.02,10,RESISTOR 2W 1%,3264 SMD,DIGI-KEY,MCS3264R020FERCT-ND
13,0.02,105,RESISTOR 1W,2512 SMD,,
14,0.02,9,RESISTOR 3W 1%,2512 SMD,DIGI-KEY,CRA2512-FZ-R020ELFCT-ND
15,0.025,104,RESISTOR 1W,2512 SMD,,
16,0.03,10,RESISTOR 2W 1%,3264 SMD,DIGI-KEY,MCS3264R030FERCT-ND
17,0.03,100,RESISTOR 1W,2512 SMD,,
18,0.04,6,RESISTOR 3W 1%,2512 SMD,DIGI-KEY,CRA2512-FZ-R040ELFCT-ND
19,0.043UF,104,RESISTOR 1W,2512 SMD,,
20,0.047,0,RESISTOR 1W 1%,2512 SMD,DIGI-KEY,
21,0.05,104,RESISTOR 1W,2512 SMD,,
22,0.05,6,RESISTOR 2W 1%,3264 SMD,DIGI-KEY,MCS3264R050FERCT-ND
23,0.08,0,RESISTOR 3W 1%,2512 SMD,DIGI-KEY,
24,0.1,2,RESISTOR 1/4W 1%,0805 SMD,DIGI-KEY,
25,0.1,3,RESISTOR 1/2W 5%,1210 SMD,DIGI-KEY,
26,0.1,0,RESISTOR 1W 1%,1206 SMD,DIGI-KEY,
27,0.1,104,RESISTOR 1W,2512 SMD,,
28,0.12,10,RESISTOR 1/4W 1%,0805 SMD,DIGI-KEY,
29,0.12,19,RESISTOR 1/4W 5%,1206 SMD,DIGI-KEY,
30,0.15,10,RESISTOR 1/4W 1%,0805 SMD,DIGI-KEY,
31,0.15,4,RESISTOR 1/2W 1%,1210 SMD,DIGI-KEY,
32,0.16,7,RESISTOR 1/4W 1%,0805 SMD,DIGI-KEY,
33,0.18,8,RESISTOR 1/4W 1%,0805 SMD,DIGI-KEY,
34,0.18,24,RESISTOR 1/4W 5%,1206 SMD,DIGI-KEY,
35,0.22,94,RESISTOR 1/4W 1%,0805 SMD,DIGI-KEY,
36,0.47,11,RESISTOR 2W 5% METAL OXIDE,,DIGI-KEY,0.47W-2-ND
37,0.5,50,RESISTOR 2W 1%,2512 SMD,DIGI-KEY,CSRN20.5FICT-ND
38,1,994,RESISTOR 1/8W 5%,0805 SMD,DIGI-KEY,
39,1.5,193,RESISTOR 1/8W 5%,0805 SMD,DIGI-KEY,
40,2.2,200,RESISTOR 1/8W 5%,0805 SMD,DIGI-KEY,
41,3.3,184,RESISTOR 1/8W 5%,0805 SMD,DIGI-KEY,
42,4.7,168,RESISTOR 1/8W 5%,0805 SMD,DIGI-KEY,
43,4.7,100,RESISTOR 1/4W 1%,1206 SMD,DIGI-KEY,311-4.70MFRCT-ND
44,6.8,192,RESISTOR 1/8W 5%,0805 SMD,DIGI-KEY,
45,10,965,RESISTOR 1/8W 5%,0805 SMD,DIGI-KEY,
46,10,246,RESISTOR 2W 5%,,DIGI-KEY,ZCT-ND
47,10,2,RESISTOR 3W ,,DIGI-KEY,OMC CHINA TWW3J10R
48,12,199,RESISTOR 1/8W 5%,0805 SMD,DIGI-KEY,
49,15,998,RESISTOR 1/8W 5%,0805 SMD,DIGI-KEY,
50,18,193,RESISTOR 1/8W 5%,0805 SMD,DIGI-KEY,
51,22,996,RESISTOR 1/8W 5%,0805 SMD,DIGI-KEY,
52,22.1,96,RESISTOR 1/2W 1%,1206 SMD,DIGI-KEY,
53,27,997,RESISTOR 1/8W 5%,0805 SMD,DIGI-KEY,
54,33,992,RESISTOR 1/8W 5%,0805 SMD,DIGI-KEY,
55,39.2,1000,RESISTOR 1/8W 5%,0805 SMD,DIGI-KEY,
56,47,968,RESISTOR 1/8W 5%,0805 SMD,DIGI-KEY,
57,56.2,1000,RESISTOR 1/8W 5%,0805 SMD,DIGI-KEY,
58,68,996,RESISTOR 1/8W 5%,0805 SMD,DIGI-KEY,
59,82.5,992,RESISTOR 1/8W 5%,0805 SMD,DIGI-KEY,
60,100,916,RESISTOR 1/8W 5%,0805 SMD,DIGI-KEY,
61,120,998,RESISTOR 1/8W 5%,0805 SMD,DIGI-KEY,
62,150,984,RESISTOR 1/8W 5%,0805 SMD,DIGI-KEY,
63,180,999,RESISTOR 1/8W 5%,0805 SMD,DIGI-KEY,
64,220,989,RESISTOR 1/8W 5%,0805 SMD,DIGI-KEY,
65,270,997,RESISTOR 1/8W 5%,0805 SMD,DIGI-KEY,
66,330,980,RESISTOR 1/8W 5%,0805 SMD,DIGI-KEY,
67,390,997,RESISTOR 1/8W 5%,0805 SMD,DIGI-KEY,
68,470,986,RESISTOR 1/8W 5%,0805 SMD,DIGI-KEY,
69,560,998,RESISTOR 1/8W 5%,0805 SMD,DIGI-KEY,
70,620,994,RESISTOR 1/8W 5%,0805 SMD,DIGI-KEY,
71,680,977,RESISTOR 1/8W 5%,0805 SMD,DIGI-KEY,
72,820,1000,RESISTOR 1/8W 5%,0805 SMD,DIGI-KEY,
73,825,1000,RESISTOR 1/8W 5%,0805 SMD,DIGI-KEY,
74,1K,772,RESISTOR 1/8W 5%,0805 SMD,DIGI-KEY,
75,1K2,973,RESISTOR 1/8W 5%,0805 SMD,DIGI-KEY,
76,1K5,989,RESISTOR 1/8W 5%,0805 SMD,DIGI-KEY,
77,1K65,100,RESISTOR 1/4W 1%,1206 SMD,DIGI-KEY,311-1.65KFRCT-ND
78,1K8,997,RESISTOR 1/8W 5%,0805 SMD,DIGI-KEY,
79,2K2,955,RESISTOR 1/8W 5%,0805 SMD,DIGI-KEY,
80,2K7,1000,RESISTOR 1/8W 5%,0805 SMD,DIGI-KEY,
81,3K3,979,RESISTOR 1/8W 5%,0805 SMD,DIGI-KEY,
82,3K9,987,RESISTOR 1/8W 5%,0805 SMD,DIGI-KEY,
83,4K7,955,RESISTOR 1/8W 5%,0805 SMD,DIGI-KEY,
84,4K7,494,RESISTOR 1W 5%,2512 SMD,DIGI-KEY,RMCF2512JT4K70CT-ND
85,5K6,1000,RESISTOR 1/8W 5%,0805 SMD,DIGI-KEY,
86,6K8,983,RESISTOR 1/8W 5%,0805 SMD,DIGI-KEY,
87,8K2,982,RESISTOR 1/8W 5%,0805 SMD,DIGI-KEY,
88,10K,875,RESISTOR 1/8W 5%,0805 SMD,DIGI-KEY,
89,12K1,995,RESISTOR 1/8W 5%,0805 SMD,DIGI-KEY,
90,15K,987,RESISTOR 1/8W 5%,0805 SMD,DIGI-KEY,
91,18K,999,RESISTOR 1/8W 5%,0805 SMD,DIGI-KEY,
92,22K,960,RESISTOR 1/8W 5%,0805 SMD,DIGI-KEY,
93,27K,998,RESISTOR 1/8W 5%,0805 SMD,DIGI-KEY,
94,33K,992,RESISTOR 1/8W 5%,0805 SMD,DIGI-KEY,
95,39K,995,RESISTOR 1/8W 5%,0805 SMD,DIGI-KEY,
96,47K,986,RESISTOR 1/8W 5%,0805 SMD,DIGI-KEY,
97,56K,993,RESISTOR 1/8W 5%,0805 SMD,DIGI-KEY,
98,68K,994,RESISTOR 1/8W 5%,0805 SMD,DIGI-KEY,
99,82K5,970,RESISTOR 1/8W 5%,0805 SMD,DIGI-KEY,
100,100K,892,RESISTOR 1/8W 5%,0805 SMD,DIGI-KEY,
101,121K,968,RESISTOR 1/8W 5%,0805 SMD,DIGI-KEY,
102,150K,1000,RESISTOR 1/8W 5%,0805 SMD,DIGI-KEY,
103,180K,985,RESISTOR 1/8W 5%,0805 SMD,DIGI-KEY,
104,220K,976,RESISTOR 1/8W 5%,0805 SMD,DIGI-KEY,
105,261K,997,RESISTOR 1/8W 5%,0805 SMD,DIGI-KEY,
106,330K,986,RESISTOR 1/8W 5%,0805 SMD,DIGI-KEY,
107,392K,999,RESISTOR 1/8W 5%,0805 SMD,DIGI-KEY,
108,470K,980,RESISTOR 1/8W 5%,0805 SMD,DIGI-KEY,
109,576K,998,RESISTOR 1/8W 5%,0805 SMD,DIGI-KEY,
110,681K,1000,RESISTOR 1/8W 5%,0805 SMD,DIGI-KEY,
111,820K,997,RESISTOR 1/8W 5%,0805 SMD,DIGI-KEY,
112,1M,1000,RESISTOR 1/8W 5%,0805 SMD,DIGI-KEY,
113,1M,95,RESISTOR 1/4W,1206 SMD,DIGI-KEY,
114,1M2,50,RESISTOR 1/4W,1206 SMD,DIGI-KEY,
115,1M5,1000,RESISTOR 1/8W 5%,0805 SMD,DIGI-KEY,
116,1M5,50,RESISTOR 1/4W,1206 SMD,DIGI-KEY,
117,1M8,50,RESISTOR 1/4W,1206 SMD,DIGI-KEY,
118,2M2,1000,RESISTOR 1/8W 5%,0805 SMD,DIGI-KEY,
119,2M2,50,RESISTOR 1/4W,1206 SMD,DIGI-KEY,
120,2M7,100,RESISTOR 1/8W 5%,0805 SMD,DIGI-KEY,
121,2M7,50,RESISTOR 1/4W,1206 SMD,DIGI-KEY,
122,3M3,100,RESISTOR 1/8W 5%,0805 SMD,DIGI-KEY,
123,3M3,50,RESISTOR 1/4W,1206 SMD,DIGI-KEY,
124,3M9,100,RESISTOR 1/8W 5%,0805 SMD,DIGI-KEY,
125,3M9,47,RESISTOR 1/4W,1206 SMD,DIGI-KEY,
126,4M7,100,RESISTOR 1/8W 5%,0805 SMD,DIGI-KEY,
127,4M7,50,RESISTOR 1/4W,1206 SMD,DIGI-KEY,
128,5M6,50,RESISTOR 1/4W,1206 SMD,DIGI-KEY,
129,6M8,50,RESISTOR 1/4W,1206 SMD,DIGI-KEY,
130,8M2,50,RESISTOR 1/4W,1206 SMD,DIGI-KEY,
131,10M,50,RESISTOR 1/4W,1206 SMD,DIGI-KEY,
132,LP73N2AR10JTD,19,WINDERSTAND 0R1 300PPM,,FARNELL,116398
133,NCP21XV103J03RA,10,THERMISTOR NTC 1OK OHM 5%,0805 SMD,MOUSER,81-NCP21XV103J03RA
134,NTC 4.7,0,CURRENT LIMITER INRSH 20% NTC,,DIGI-KEY,
135,NTSD0XH103EE1BO,8,NTC 10K OHM,,MOUSER,81-NTSD0XH103EE1B0
136,OZCD0030FF2C,0,PTC RESETTBLE 60V .30A,2920,DIGI-KEY,507-1364-1-ND
137,OZCD0050FF2C,10,PTC RESETTBLE 60V .50A,2920,DIGI-KEY,507-1365-1-ND
138,RJ6BQFR22V,6,WINDERSTAND 0.25W 1%,0805 SMD,FARNELL,717816
139,SL15 5R007,10,CURRENT LIMITER INRUSH 5 OHM 7A,,DIGI-KEY,
140,2K,5,RESISTOR ARRAY MULT 4RES,612,DIGI-KEY,ACASA-1.0K/2.0K-ECT-ND
141,3K,5,RESISTOR ARRAY MULT 4RES,612,DIGI-KEY,ACASA-1.0K/3.0K-2CT-ND
142,5K,5,RESISTOR ARRAY MULT 4RES,612,DIGI-KEY,ACASA-1.0K/5.0K-2CT-ND
143,10K,5,RESISTOR ARRAY MULT 4RES,612,DIGI-KEY,ACASA-1.0K/10K-2CT-ND
144,100PF,97,CAPASITOR CERAMIC 100V COG/NPO,0805 SMD,DIGI-KEY,CL21C101JC61PNC
145,220PF,100,CAPASITOR CERAMIC 1KV SL RADIAL,,DIGI-KEY,S221M39SL0N63K7R
146,1000PF,10,CAPASITOR CERAMIC 50V X7R,0603 SMD,DIGI-KEY,
147,1500PF,10,CAPASITOR CERAMIC 50V X7R,0603 SMD,DIGI-KEY,
148,1800PF,10,CAPASITOR CERAMIC 50V X7R,0603 SMD,DIGI-KEY,
149,2200PF,10,CAPASITOR CERAMIC 50V X7R,0603 SMD,DIGI-KEY,
150,2700PF,10,CAPASITOR CERAMIC 50V X7R,0603 SMD,DIGI-KEY,
151,3300PF,10,CAPASITOR CERAMIC 50V X7R,0603 SMD,DIGI-KEY,
152,3900PF,10,CAPASITOR CERAMIC 50V X7R,0603 SMD,DIGI-KEY,
153,4700PF,10,CAPASITOR CERAMIC 50V X7R,0603 SMD,DIGI-KEY,
154,5600PF,10,CAPASITOR CERAMIC 50V X7R,0603 SMD,DIGI-KEY,
155,6800PF,10,CAPASITOR CERAMIC 50V X7R,0603 SMD,DIGI-KEY,
156,8200PF,10,CAPASITOR CERAMIC 50V X7R,0603 SMD,DIGI-KEY,
157,10000PF,10,CAPASITOR CERAMIC 50V X7R,0603 SMD,DIGI-KEY,
158,12000PF,10,CAPASITOR CERAMIC 50V X7R,0603 SMD,DIGI-KEY,
159,15000PF,10,CAPASITOR CERAMIC 50V X7R,0603 SMD,DIGI-KEY,
160,18000PF,10,CAPASITOR CERAMIC 25V X7R,0603 SMD,DIGI-KEY,
161,22000PF,0,CAPASITOR CERAMIC 25V X7R,0603 SMD,DIGI-KEY,
162,27000PF,10,CAPASITOR CERAMIC 50V X7R,0603 SMD,DIGI-KEY,
163,33000PF,10,CAPASITOR CERAMIC 25V X7R,0603 SMD,DIGI-KEY,
164,39000PF,10,CAPASITOR CERAMIC 25V X7R,0603 SMD,DIGI-KEY,
165,47000PF,10,CAPASITOR CERAMIC 25V X7R,0603 SMD,DIGI-KEY,
166,56000PF,10,CAPASITOR CERAMIC 16V X7R,0603 SMD,DIGI-KEY,
167,68000PF,10,CAPASITOR CERAMIC 16V X7R,0603 SMD,DIGI-KEY,
168,82000PF,10,CAPASITOR CERAMIC 16V X7R,0603 SMD,DIGI-KEY,
169,0.1UF,0,CAPASITOR CERAMIC 16V X7R,0603 SMD,DIGI-KEY,
170,0.12UF,10,CAPASITOR CERAMIC 10V X5R,0603 SMD,DIGI-KEY,
171,0.15UF,10,CAPASITOR CERAMIC 10V X5R,0603 SMD,DIGI-KEY,
172,0.18UF,10,CAPASITOR CERAMIC 10V X5R,0603 SMD,DIGI-KEY,
173,0.22UF,10,CAPASITOR CERAMIC 10V X5R,0603 SMD,DIGI-KEY,
174,1.0UF,8,CAPASITOR CERAMIC 6.3V X5R,0603 SMD,DIGI-KEY,
175,2.2PF,100,CAPASITOR CERAMIC 50V C0G/NP0,0805 SMD,DIGI-KEY,1276-1302-1-ND
176,2.7PF,100,CAPASITOR CERAMIC 50V C0G/NP0,0805 SMD,DIGI-KEY,1276-2633-1-ND
177,3.3PF,100,CAPASITOR CERAMIC 50V C0G/NP0,0805 SMD,DIGI-KEY,1276-1830-1-ND
178,3.9PF,100,CAPASITOR CERAMIC 50V C0G/NP0,0805 SMD,DIGI-KEY,1276-1801-1-ND
179,4.7PF,100,CAPASITOR CERAMIC 50V C0G/NP0,0805 SMD,DIGI-KEY,1276-1832-1ND
180,5.6PF,100,CAPASITOR CERAMIC 50V C0G/NP0,0805 SMD,DIGI-KEY,1276-2675-1-ND
181,6.8PF,100,CAPASITOR CERAMIC 50V C0G/NP0,0805 SMD,DIGI-KEY,1276-1064-1-ND
182,8.2PF,100,CAPASITOR CERAMIC 50V C0G/NP0,0805 SMD,DIGI-KEY,1276-2697-1-ND
183,10PF,94,CAPASITOR CERAMIC 50V NPO,0805 SMD,DIGI-KEY,
184,12PF,92,CAPASITOR CERAMIC 50V NPO,0805 SMD,DIGI-KEY,
185,15PF,86,CAPASITOR CERAMIC 50V NPO,0805 SMD,DIGI-KEY,
186,18PF,96,CAPASITOR CERAMIC 50V NPO,0805 SMD,DIGI-KEY,
187,22PF,84,CAPASITOR CERAMIC 50V NPO,0805 SMD,DIGI-KEY,
188,33PF,100,CAPASITOR CERAMIC 50V NPO,0805 SMD,DIGI-KEY,
189,47PF,31,CAPASITOR CERAMIC 50V NPO,0805 SMD,DIGI-KEY,
190,56PF,100,CAPASITOR CERAMIC 50V C0G/NP0,0805 SMD,DIGI-KEY,1276-1833-1-ND
191,68PF,100,CAPASITOR CERAMIC 50V C0G/NP0,0805 SMD,DIGI-KEY,1276-2682-1-ND
192,82PF,100,CAPASITOR CERAMIC 50V C0G/NP0,0805 SMD,DIGI-KEY,1276-1802-1-ND
193,100PF,90,CAPASITOR CERAMIC 50V NPO,0805 SMD,DIGI-KEY,
194,120PF,100,CAPASITOR CERAMIC 50V NPO,0805 SMD,DIGI-KEY,
195,150PF,98,CAPASITOR CERAMIC 50V NPO,0805 SMD,DIGI-KEY,
196,180PF,100,CAPASITOR CERAMIC 50V NPO,0805 SMD,DIGI-KEY,
197,220PF,98,CAPASITOR CERAMIC 50V NPO,0805 SMD,DIGI-KEY,
198,270PF,100,CAPASITOR CERAMIC 50V NPO,0805 SMD,DIGI-KEY,
199,330PF,100,CAPASITOR CERAMIC 50V NPO,0805 SMD,DIGI-KEY,
200,390PF,99,CAPASITOR CERAMIC 50V NPO,0805 SMD,DIGI-KEY,
201,470PF,97,CAPASITOR CERAMIC 50V NPO,0805 SMD,DIGI-KEY,
202,560PF,100,CAPASITOR CERAMIC 50V NPO,0805 SMD,DIGI-KEY,
203,680PF,100,CAPASITOR CERAMIC 50V NPO,0805 SMD,DIGI-KEY,
204,820PF,99,CAPASITOR CERAMIC 50V NPO,0805 SMD,DIGI-KEY,
205,1000PF,572,CAPASITOR CERAMIC 50V NPO,0805 SMD,DIGI-KEY,
206,1000PF,0,CAPASITOR CERAMIC 1KV 10%,0805 SMD,MOUSER,80-C0805C102KDRACTU
207,1200PF,99,CAPASITOR CERAMIC 50V NP0,0805 SMD,DIGI-KEY,
208,1200PF,500,CAPASITOR CERAMIC 50V X7R,0805 SMD,DIGI-KEY,
209,1500PF,90,CAPASITOR CERAMIC 50V X7R,0805 SMD,DIGI-KEY,
210,1800PF,100,CAPASITOR CERAMIC 50V X7R,0805 SMD,DIGI-KEY,
211,2200PF,82,CAPASITOR CERAMIC 50V X7R,0805 SMD,DIGI-KEY,
212,2700PF,100,CAPASITOR CERAMIC 50V X7R,0805 SMD,DIGI-KEY,
213,3300PF,100,CAPASITOR CERAMIC 50V X7R,0805 SMD,DIGI-KEY,
214,3900PF,100,CAPASITOR CERAMIC 50V X7R,0805 SMD,DIGI-KEY,
215,4700PF,100,CAPASITOR CERAMIC 50V X7R,0805 SMD,DIGI-KEY,
216,5600PF,100,CAPASITOR CERAMIC 50V X7R,0805 SMD,DIGI-KEY,
217,6800PF,100,CAPASITOR CERAMIC 50V X7R,0805 SMD,DIGI-KEY,
218,8200PF,99,CAPASITOR CERAMIC 50V X7R,0805 SMD,DIGI-KEY,
219,8200PF,20,CAPASITOR CERAMIC 50V C0G/NPO,0805 SMD,DIGI-KEY,490-1640-1-ND
220,10000PF,444,CAPASITOR CERAMIC 50V X7R,0805 SMD,DIGI-KEY,
221,10000PF,10,CAPASITOR CERAMIC 50V C0G/NPO,0805 SMD,DIGI-KEY,490-4783-1-ND
222,15000PF,100,CAPASITOR CERAMIC 50V X7R,0805 SMD,DIGI-KEY,
223,18000PF,100,CAPASITOR CERAMIC 50V X7R,0805 SMD,DIGI-KEY,
224,22000PF,90,CAPASITOR CERAMIC 50V X7R,0805 SMD,DIGI-KEY,
225,27000PF,100,CAPASITOR CERAMIC 50V X7R,0805 SMD,DIGI-KEY,
226,33000PF,100,CAPASITOR CERAMIC 50V X7R,0805 SMD,DIGI-KEY,
227,39000PF,100,CAPASITOR CERAMIC 50V X7R,0805 SMD,DIGI-KEY,
228,47000PF,89,CAPASITOR CERAMIC 50V X7R,0805 SMD,DIGI-KEY,
229,0.012UF,100,CAPASITOR CERAMIC 10% 50V X7R,0805 SMD,DIGI-KEY,
230,0.012UF,20,CAPASITOR CERAMIC 50V C0G/NPO,0805 SMD,DIGI-KEY,490-14530-1-ND
231,0.015UF,20,CAPASITOR CERAMIC 50V C0G/NPO,0805 SMD,DIGI-KEY,490-1643-1-ND
232,0.018UF,20,CAPASITOR CERAMIC 50V C0G/NPO,0805 SMD,DIGI-KEY,490-3321-1-ND
233,0.056UF,100,CAPASITOR CERAMIC 10% 50V X7R,0805 SMD,DIGI-KEY,
234,0.068UF,100,CAPASITOR CERAMIC 10% 50V X7R,0805 SMD,DIGI-KEY,
235,0.082UF,100,CAPASITOR CERAMIC 10% 50V X7R,0805 SMD,DIGI-KEY,
236,0.1UF,810,CAPASITOR CERAMIC 10% 50V X7R,0805 SMD,DIGI-KEY,
237,0.1UF,115,CAPASITOR CERAMIC 10% 100V X7R,0805 SMD,DIGI-KEY,1276-2923-1-ND
238,0.15UF,20,CAPASITOR CERAMIC 10% 25V X7R,0805 SMD,DIGI-KEY,
239,0.22UF,94,CAPASITOR CERAMIC 10% 50V X7R,0805 SMD,DIGI-KEY,
240,0.33UF,20,CAPASITOR CERAMIC 10% 50V X7R,0805 SMD,DIGI-KEY,
241,0.39UF,10,CAPASITOR CERAMIC 10% 25V X7R,0805 SMD,DIGI-KEY,
242,0.47UF,100,CAPASITOR CERAMIC 10% 25V X7R,0805 SMD,DIGI-KEY,
243,0.47UF,9,CAPASITOR CERAMIC 10% 50V X7R,0805 SMD,DIGI-KEY,
244,1.0UF,70,CAPASITOR CERAMIC 25V X7R,0805 SMD,DIGI-KEY,
245,1.0UF,26,CAPASITOR CERAMIC 50V X5R,0805 SMD,DIGI-KEY,
246,2.2UF,62,CAPASITOR CERAMIC 10V X7R,0805 SMD,DIGI-KEY,
247,2.2UF,69,CAPASITOR CERAMIC 25V X7R,0805 SMD,DIGI-KEY,
248,4.7UF,100,CAPASITOR CERAMIC 16V X5R,0805 SMD,DIGI-KEY,1276-1065-1-ND
249,10UF/6.3V,8,CAPASITOR CERAMIC 6.3V,0805 SMD,MOUSER,
250,10UF/16V,100,CAPASITOR CERAMIC 16V X5R,0805 SMD,DIGI-KEY,1276-6455-1-ND
251,47PF,20,CAPASITOR CERAMIC 630V C0G/NP0,1206 SMD,DIGI-KEY,311-1921-1-ND
252,56PF,20,CAPASITOR CERAMIC 630V C0G/NP0,1207 SMD,DIGI-KEY,490-16832-1-ND
253,68PF,20,CAPASITOR CERAMIC 630V C0G/NP0,1206 SMD,DIGI-KEY,1276-3284-1-ND
254,82PF,20,CAPASITOR CERAMIC 630V C0G/NP0,1206 SMD,DIGI-KEY,490-11627-1-ND
255,100PF,20,CAPASITOR CERAMIC 630V C0G/NP0,1206 SMD,DIGI-KEY,311-1498-1-ND
256,120PF,20,CAPASITOR CERAMIC 630V C0G/NP0,1206 SMD,DIGI-KEY,490-14828-1-ND
257,150PF,20,CAPASITOR CERAMIC 630V C0G/NP0,1206 SMD,DIGI-KEY,311-1918-1-ND
258,180PF,20,CAPASITOR CERAMIC 630V C0G/NP0,1206 SMD,DIGI-KEY,490-12765-1-ND
259,4700PF,20,CAPASITOR CERAMIC 630V C0G,1206 SMD,DIGI-KEY,445-14643-1-ND
260,5600PF,20,CAPASITOR CERAMIC 630V C0G,1206 SMD,DIGI-KEY,445-9107-1-ND
261,6800PF,20,CAPASITOR CERAMIC 630V C0G,1206 SMD,DIGI-KEY,445-12826-1-ND
262,8200PF,20,CAPASITOR CERAMIC 630V C0G,1206 SMD,DIGI-KEY,445-14652-1-ND
263,10000PF,20,CAPASITOR CERAMIC 630V C0G,1206 SMD,DIGI-KEY,445-14625-1-ND
264,0.01UF,10,CAPASITOR 50V PPS FILM,1206 SMD,DIGI-KEY,PCF1308CT-ND
265,0.1UF,0,CAPASITOR CERAMIC 63V,1206 SMD,DIGI-KEY,
266,1.0UF,0,CAPASITOR CERAMIC,1206 SMD,DIGI-KEY,
267,2.2UF,100,CAPASITOR CERAMIC 16V X7R,1206 SMD,DIGI-KEY,1276-3141-1-ND
268,2.2UF,100,CAPASITOR CERAMIC 50V X5R,1206 SMD,DIGI-KEY,587-2402-1-ND
269,4.7UF,15,CAPASITOR CERAMIC 16V X7R 10%,1206 SMD,DIGI-KEY,
270,4.7UF,0,CAPASITOR CERAMIC 50V X7R 10%,1206 SMD,DIGI-KEY,587-2994-1-ND
271,10UF/25V,34,CAPASITOR CERAMIC 25V X7R 10%,1206 SMD,DIGI-KEY,
272,10UF/35V,13,CAPASITOR CERAMIC 35V X5R,1206 SMD,DIGI-KEY,587-2484-1-ND
273,22UF/6.3V,20,CAPASITOR CERAMIC 6.3V,1206 SMD,MOUSER,810-C3216X5R0J226K-5
274,2.2UF,163,CAPASITOR CERAMIC 100V X7R,1210 SMD,DIGI-KEY,587-1778-1-ND
275,4.7UF,100,CAPASITOR CERAMIC 100V X7S,1210 SMD,DIGI-KEY,587-5038-1-ND
276,22UF/25V,8,CAPASITOR CERAMIC 25V X7R,1210 SMD,DIGI-KEY,
277,470UF/25V,7,CAPASITOR ELECTROLYTIC SMD,,MOUSER,661-EMVY250ADA471MJA
278,47PF,10,CAPASITOR CERAMIC RADIAL 5% 200V,,DIGI-KEY,399-4181-ND
279,100PF,19,CAPASITOR CERAMIC 250VAC X1Y1 RAD,,DIGI-KEY,445-2402-ND
280,100PF,10,CAPASITOR CERAMIC 1KVDC B RAD,,DIGI-KEY,490-4257-ND
281,120PF,10,CAPASITOR CERAMIC DISC 1KV 10% RAD,,DIGI-KEY,445-2714-ND
282,150PF,10,CAPASITOR CERAMIC DISC 1KV 10% RAD,,DIGI-KEY,445-2715-ND
283,150PF,100,CAPASITOR FILM 630VDC RAD,,DIGI-KEY,399-7685-ND
284,180PF,10,CAPASITOR CERAMIC DISC 1KV 10% RAD,,DIGI-KEY,445-2716-ND
285,220PF,10,CAPASITOR CERAMIC DISC 1KV 10% RAD,,DIGI-KEY,445-2717-ND
286,270PF,10,CAPASITOR CERAMIC DISC 1KV 10% RAD,,DIGI-KEY,445-2178-ND
287,330PF,10,CAPASITOR CERAMIC DISC 1KV 10% RAD,,DIGI-KEY,445-2719-ND
288,330PF,81,CAPASITOR CERAMIC 250VAC X1Y2 RAD,,DIGI-KEY,445-2481-ND
289,390PF,10,CAPASITOR CERAMIC DISC 1KV 10% RAD,,DIGI-KEY,445-2720-ND
290,470PF,10,CAPASITOR CERAMIC DISC 1KV 10% RAD,,DIGI-KEY,445-2721-ND
291,560PF,10,CAPASITOR CERAMIC DISC 1KV 10% RAD,,DIGI-KEY,445-2722-ND
292,680PF,10,CAPASITOR CERAMIC DISC 1KV 10% RAD,,DIGI-KEY,445-2723-ND
293,820PF,6,CAPASITOR CERAMIC DISC Y5P 1KV,,DIGI-KEY,P9541-ND
294,820PF,10,CAPASITOR CERAMIC DISC 1KV 10% RAD,,DIGI-KEY,445-2724-ND
295,1000PF,7,CAPASITOR CERAMIC DISC 1KV 10% RAD,,DIGI-KEY,445-2725-ND
296,1000PF,10,CAPASITOR CERAMIC 10% 100V X7R,,DIGI-KEY,BC1108CT-ND
297,1000PF,44,CAPASITOR CERAMIC DISC 1KV Y5P,,DIGI-KEY,1251PH-ND
298,1000PF,10,CAPASITOR FILM 1.6KVDC RAD,,DIGI-KEY,P15421-ND
299,1200PF,10,CAPASITOR FILM 1.6KVDC RAD,,DIGI-KEY,495-3204-ND
300,1500PF,10,CAPASITOR FILM 1.6KVDC RAD,,DIGI-KEY,495-3205-ND
301,1800PF,10,CAPASITOR FILM 1.6KVDC RAD,,DIGI-KEY,P10498-ND
302,2200PF,10,CAPASITOR FILM 1.6KVDC RAD,,DIGI-KEY,495-3206-ND
303,2200PF,50,CAPASITOR FILM 1.25KVDC RAD,,DIGI-KEY,3995416-ND
304,2200PF,20,CAPASITOR CERAMIC 440VAC Y5U RAD,,DIGI-KEY,BC2914-ND
305,2200PF,10,CAP CER 500VAC 20% RADIAL,,DIGI-KEY,BC2376-ND
306,2700PF,10,CAPASITOR FILM 1.6KVDC RAD,,DIGI-KEY,495-3207-ND
307,3300PF,10,CAPASITOR FILM 1.6KVDC RAD,,DIGI-KEY,495-3208-ND
308,3900PF,10,CAPASITOR FILM 1.6KVDC RAD,,DIGI-KEY,P10502-ND
309,4700PF,10,CAPASITOR FILM 1.6KVDC RAD,,DIGI-KEY,P15428-ND
310,5600PF,10,CAPASITOR FILM 1.6KVDC RAD,,DIGI-KEY,495-3198-ND
311,6200PF,10,CAPASITOR FILM 1.6KVDC RAD,,DIGI-KEY,495-3211-ND
312,6800PF,10,CAPASITOR FILM 1.6KVDC RAD,,DIGI-KEY,495-3212-ND
313,7500PF,10,CAPASITOR FILM 1.6KVDC RAD,,DIGI-KEY,BC2005-ND
314,8200PF,10,CAPASITOR FILM 1.6KVDC RAD,,DIGI-KEY,495-3201-ND
315,9100PF,10,CAPASITOR FILM 1.6KVDC RAD,,DIGI-KEY,BC2009-ND
316,1UF 100V,0,CONDENSATOR POLYE RADIAL 100V,,FARNELL,-
317,1UF 400V,38,CONDENSATOR POLYE RADIAL 400V,,FARNELL,548 -348
318,2.2UF,10,CAPASITOR CERAMIC 25V X7R RAD,,DIGI-KEY,445-2872-ND
319,3.3UF,30,CAPASITOR FILM 250VDC 2DIP,,DIGI-KEY,495-75729-ND
320,10000PF,15,CAPASITOR METAL POLYPRO 1000V,,DIGI-KEY,495-3549-ND
321,15000PF,4,CAPASITOR METAL POLYPRO 1000V R14.4 16.5x6.2x10.5,,DIGI-KEY,495-3551-ND
322,22000PF,7,CAPASITOR METAL POLYPRO 1000V,,DIGI-KEY,495-3552-ND
323,33000PF,10,CAPASITOR METAL POLYPRO 1000V,,DIGI-KEY,495-3553-ND
324,47000PF,6,CAPASITOR METAL POLYPRO 1000V,,DIGI-KEY,495-3554-ND
325,68000PF,8,CAPASITOR METAL POLYPRO 1000V,,DIGI-KEY,495-3555-ND
326,0.0022UF,2,CAPASITOR ECQ-UL 250/275VAC,,DIGI-KEY,P10992-ND
327,0.012UF,6,CAPASITOR FILM MMKP 5% 1000V,,DIGI-KEY,BC1889-ND
328,0.015UF,30,CAPASITOR FILM 0.015UF 5% 630V RAD,,DIGI-KEY,399-11726-ND
329,0.018UF,5,CAPASITOR FILM MMKP 5% 1000V,,DIGI-KEY,BC1897-ND
330,0.027UF,10,CAPASITOR FILM MMKP 5% 1000V,,DIGI-KEY,BC1905-ND
331,0.03UF,6,CAPASITOR FILM MMKP 5% 1000V,,DIGI-KEY,BC1907-ND
332,0.036UF,10,CAPASITOR FILM MMKP 5% 1000V,,DIGI-KEY,BC1911-ND
333,0.039UF,10,CAPASITOR FILM MMKP 5% 1000V,,DIGI-KEY,BC1913-ND
334,0.043UF,10,CAPASITOR FILM MMKP 5% 1000V,,DIGI-KEY,BC1915-ND
335,0.051UF,10,CAPASITOR FILM MMKP 5% 1000V,,DIGI-KEY,BC1919-ND
336,0.056UF,10,CAPASITOR FILM MMKP 5% 1000V,,DIGI-KEY,BC1920-ND
337,0.062UF,10,CAPASITOR FILM MMKP 5% 1000V,,DIGI-KEY,BC1921-ND
338,0.075UF,10,CAPASITOR FILM MMKP 5% 1000V,,DIGI-KEY,BC1923-ND
339,0.082UF,10,CAPASITOR FILM MMKP 5% 1000V,,DIGI-KEY,BC1924-ND
340,0.091UF,10,CAPASITOR FILM MMKP 5% 1000V,,DIGI-KEY,BC1925-ND
341,0.1UF,3,KONDENSATOR RADIAL,,FARNELL,1100408
342,0.1UF,100,CAPASITOR FILM PP 275/280VAC X2,,DIGI-KEY,399-5426-ND
343,0.1UF,21,CAPASITOR METAL POLY 630V,,DIGI-KEY,495-3163-ND
344,0.1UF,6,CAPASITOR METAL POLYPRO 1000V,,DIGI-KEY,495-3550-ND
345,0.47UF,8,CAPASITOR FLM 275V X2 POLYPRO MKP R600MIL,,DIGI-KEY,399-5463-ND
346,0.47UF,24,CAPASITOR FLM 275V X2 POLYPRO MKP R900MIL,,DIGI-KEY,399-5465-ND
347,1.0UF,3,CAPASITOR METAL POLYPRO 630V,,DIGI-KEY,495-3632-ND
348,1.5UF,10,CAPASITOR FILM 450VDC RAD,,DIGI-KEY,E6828-ND
349,4.7UF/400V,9,CAPASITOR ELCO,,DIGI-KEY,493-1447-nd
350,10UF/400V,13,CAPASITOR ELCO,,DIGI-KEY,P13661-ND
351,15UF/450V,25,ALUMINUM ELECTROLYTIC CAPACITORS,,DIGI-KEY,565-5047-ND
352,22UF/400V,9,CAPASITOR ELCO,,DIGI-KEY,P13663-ND
353,47UF/100V,0,CAPASITOR ELCO,,DIGI-KEY,493-1663-ND
354,47UF/450V,19,CAPASITOR ELCO,,DIGI-KEY,565-1478-ND
355,100UF/25V,17,CAPASITOR ELCO,,DIGI-KEY,P10269-ND
356,100UF/100V,32,CAPASITOR ELCO,,DIGI-KEY,565-1736-ND
357,120UF/100V,17,CAPASITOR ELCO,,DIGI-KEY,493-1670-ND
358,220UF/25V,77,CAPASITOR ELCO,,DIGI-KEY,565-1546-ND
359,220UF/35V,9,CAPASITOR ELCO,,DIGI-KEY,565-1691-ND
360,220UF/100V,0,CAPASITOR ELCO,,DIGI-KEY,-
361,220UF/450V,6,CAPASITOR ELCO,,DIGI-KEY,P10163-ND
362,390UF/450V,3,CAPASITOR ELCO,,DIGI-KEY,P11688-ND
363,470UF/25V,51,CAPASITOR ELCO,,DIGI-KEY,565-1678-ND
364,470UF/35V,6,CAPASITOR ELCO,,DIGI-KEY,338-1724-ND
365,470UF/50V,18,CAPASITOR ELCO,,DIGI-KEY,493-1614-ND
366,470UF/100V,21,CAPASITOR ELCO,,DIGI-KEY,565-1743-ND
367,470UF/250V,0,CAPASITOR ELCO,,DIGI-KEY,-
368,1000UF/250V,0,CAPASITOR ELCO,,DIGI-KEY,-
369,1200UF/6.3V,8,CAPASITOR ELCO,,MOUSER,647-RNE0J122MDN
370,1N4747A.113,25,DIODE ZENER 20V 1W,DO41,DIGI-KEY,568-4856-1-ND
371,1N5406-TP,15,DIODE STD REC 3A 600V,DO201AD,DIGI-KEY,1N5406-TPCT-ND
372,1N5819-E3/51,18,DIODE SCHOTTKY 1A 40V,DO41,DIGI-KEY,1N5819-E3/51GI-ND
373,30EPH03PBF,10,DIODE ULTRAFAST 300V 30A,TO247,DIGI-KEY,30EPH03PBF-ND
374,ABS6TR,25,BRIDGE RECT 1PHASE 600V 1A ABS,ABS,DIGI-KEY,1655-1813-1-ND
375,BA159-E3/54,100,DIODE 1A 1000V 500n,DO41,MOUSER,625-BA159-E3
376,BAT54A,97,DIODE SCHOTTKY 30V 200MA,SOT23,DIGI-KEY,BAT54AFSCT-ND
377,BAT754S,9,DIODE SCHOTTKY DUAL,SOT23,,
378,BXPX-30E0400-B-0400,50,LED HIGH BRIGHT WHT 700MA 6.1V,,DIGI-KEY,976-1113-1-ND
379,BXPX-56C0520-B-0400,0,LED HIGH BRIGHT WHT 700MA 6.1V,,DIGI-KEY,976-1117-1-ND
380,C12360_STRAD-2X2-DNW,12,LED LENS,,DIGI-KEY,711-1177-ND
381,C12361_HB-2X2,12,LED LENS,,DIGI-KEY,711-1176-ND
382,C12362_STRADA-2X2-DWC,12,LED LENS,,DIGI-KEY,711-1175-ND
383,C12419_STRADA-2X2-A-T,12,LED LENS,,DIGI-KEY,711-1178-ND
384,C3D02060E,10,DIODE SCHOT 600V 2A ZREC,TO252,DIGI-KEY,C3D02060E
385,C3D04060E,9,DIODE SCHOTTKY 600V 4A ZREC,TO252,DIGI-KEY,C3D04060E-ND
386,CGRA4007-G,10,DIODE GEN PURPOSE 1000V 1A,SMA,DIGI-KEY,641-1018-1-ND
387,CSD06060A,2,DIODE SCHOTTKY 600V 6A,TO220-2,DIGI-KEY,CSD06060A-ND
388,CSD08060A,4,DIODE SCHOTTKY 600V 8A,TO220-2,DIGI-KEY,CSD08060A-ND
389,CSD10060A,1,DIODE SCHOTTKY 600V 10A,TO220-2,DIGI-KEY,CSD10060A-ND
390,CSD01060E,10,DIODE SCHOTTKY 600V 2.2A,TO252-2,DIGI-KEY,CSD01060E-ND
391,DDZ13ASF-7,23,DIODE ZENER 12.43V 500MW ,SOD323F,DIGI-KEY,DDZ13ASF-7DICT-ND
392,DDZ15CSF-7,5,DIODE ZENER 14.72V 500MW,SOD323F,DIGI-KEY,DDZ15CF-7DICT-ND
393,DDZ27CSF-7,100,DIODE ZENER 26.29V 500MW,SOD323F,DIGI-KEY,DDZ27CSF-7DICT-ND
394,DF08S,0,DIODE BRIDGE RECTIFIER 1.5A,DFS,DIGI-KEY,512-DF08S
395,DF204S-G,24,RECT BRIDGE GPP 400V 2A DFS,DFS,DIGI-KEY,641-1348-5-ND
396,DSEI8-06A,20,DIODE FRED 600V 8A,T0220AC,DIGI-KEY,DSEI8-06A-ND
397,DSS16UTR,100,SCHOTTKY 60V,SOD-123FL,DIGI-KEY,1655-1929-1-ND
398,ES1B,100,DIODE GEN PURP 100V 1A SMA,SMA,DIGI-KEY,ES1BFSCT-ND
399,ES1J,14,DIODE FAST 600V 1A SMA,SMA,DIGI-KEY,ES1JFSCT-ND
400,ES3J,10,DIODE ULTRAFAST 600V 3A,DO214AB,DIGI-KEY,ES3JCT-ND
401,ES1J-TP,20,DIODE FAST REC 1A 600V ,DO214AC,DIGI-KEY,ES1J-TPCT-ND
402,FFPF30UP20STU,25,DIODE ULTRAFAST 200V 30A 50n 1.15V@30A,TO220ACF,DIGI-KEY,FFPF30UP20STU-ND
403,FLZ13VB,1,DIODE ZENER 13V 500MW,SOD-80,DIGI-KEY,FLZ13VBCT-ND
404,GBJ1506,11,DIODE BRIDGE,GBJ,,-
405,GBU2505 D2,10,BRIDGE RECT 1PHASE 600V 25A ,GBU,DIGI-KEY,GBU2505D2-ND
406,GBU8J-BP,20,BRIDGE RECT 1PHASE 600V 8A ,GBU,DIGI-KEY,GBU8J-BPMS-ND
407,HDSP-521E,5,LED 7-SEG 14.2MM 2DIG CA HER RHD,,DIGI-KEY,516-1206-5-ND
408,LCD-S401C71TR,3,"LCD 4 DIGIT .71"" REFLECTIVE TN",,DIGI-KEY,67-1794-ND
409,LS4148,937,DIODE SMALL SIGNAL GP,SOD80,DIGI-KEY,LL4148FSCT-ND
410,LM1010SYL,1,LCD from SOLOMON,,,-
411,MBR0530-TP,64,DIODE SCHOTTKY 30V 500MA,SOD123,DIGI-KEY,MBR0530TPMSCT-ND
412,MBR140SFT1G,6,DIODE SCHOTTKY 40V 1A,SOD123FL,DIGI-KEY,MBR140SFT1GOSCT-ND
413,MBRP3045NTU_Q,17,Shottky CC 45V 2x15A 650mV,TO220,MOUSER,512-MBRP3045NTU_Q
414,MBRS340TRPBF,6,VISHAY SCHOTTKY (DIODE & RECTIFIERS) 3A 40V,SMC,MOUSER,844-MBRS340TRPBF
415,MBR5H100MFST1G,7,DIODE SCHOTTKY 100V5A,6DFN8,DIGI-KEY,MBR5H100MFSTGOSCT-ND
416,MSR1560G,5,DIODE STD REC 15A 600V,TO220AC,DIGI-KEY,MSR1560GOS-ND
417,MURA110T3G,8,DIODE GEN PURP 100V 2A SMA,SMA,DIGI-KEY,MURA110T3GOSCT-ND
418,MUR460RLG,11,DIODE ULTRAFAST 600V 4A,DO201AD,DIGI-KEY,MUR460RLGOSCT-ND
419,MURS360BT3G,10,DIODE ULTRA FAST 600V 3A SMB,SMB,DIGI-KEY,MURS360BT3GOSCT-ND
420,NRVBS3100T3G,25,DIODE SCHOTTKY 100V3A,SMC,DIGI-KEY,NRVBS3100T3GOSCT-ND
421,NUP2114UPXV5T1G,9,TVS DIODE 5VWM 10VC,SOT553,DIGI-KEY,NUP2114UPXV5T1GOSCT-ND
422,P6KE150A,9,DIODE TVS 150V 600W 5% UNI AXL,DO15,DIGI-KEY,P6KE150ALFCT-ND
423,P6KE200A,9,DIODE TVS 200V 600W 5% UNI AXL,DO15,DIGI-KEY,P6KE200ALFCT-ND
424,P6SMB180A,20,TVS DIODE 154VWM 246VC SMD,SMB,DIGI-KEY,P6SMB180ALFCT-ND
425,PMEG3030EP.115,43,DIODE SCHOTTKY RECT 30V 3A,SOD128,DIGI-KEY,568-6761-1-ND
426,PMEG6010ER.115,0,DIODE SCHOTTKY 60V 1A SOD123W,SOD123W,DIGI-KEY,1727-5846-1-ND
427,RURP860,4,DIODE ULTRAFAST 600V 8A,TO220AC,DIGI-KEY,RURP860-ND
428,RCLAMP0502A,25,DIODE TVS 50W 5V 2CH,SC89-6,DIGI-KEY,RCLAMP0502ACT-ND
429,RS1J,9,DIODE GPP FAST 1A 600V SMA,SMA,DIGI-KEY,RS1JFSCT-ND
430,S1M-13-F,100,DIODE GEN PURPOSE 1000V 1A,SMA,DIGI-KEY,S1M-FDICT-ND
431,S2D-TP,96,RECTIFIER SIL 2A 200V,DO-214AA,DIGI-KEY,S2D-TPMSCTDKR-ND
432,S5J-E3/57T,28,DIODE GPP 5A 600V SMC,SMC,DIGI-KEY,S5J-E3/57TGICT-ND
433,SA6V0CA,100,DIODE TVS 6V 500W,DO15,MOUSER,512-SA6V0CA
434,SBR40U200CT,5,DIODE SBR 40A 200V ULV,TO220-3,DIGI-KEY,SBR40U200CTDI-ND
435,SMAJ5.0CA-7P,9,DIODE TVS 5V 400W,SMA,MOUSER,833-SMAJ5.0CA-7P
436,SMBJ100A-13-F,20,DIODE 100V 162V,SMB,DIGI-KEY,SMBJ100A-FDICT-ND
437,SMBJ40A,0,DIODE TVS 40V 600W UNI 5%,SMD,DIGI-KEY,SMBJ40ABCT-ND
438,SMBJ48A,10,DIODE TVS 48V 600W UNIDIR 5% SMB,SMB,DIGI-KEY,SMBJ48ALFCT-ND
439,SP1001-02JTG,6,DIODE TVS ARRAY ESD SIL 2CH,SC70-3,DIGI-KEY,F2893CT-ND
440,SPLV2.8HTG,2,DIODE TVS ARRAY 1CH 3.8PF,SOT23,DIGI-KEY,F3530CT-ND
441,SS1H10-E3/61T,0,DIODE SCHOTTKY 1A 100V SMA,SMA,DIGI-KEY,SS1H10-E3/61TGICT-ND
442,SS210-TP,0,DIODE SCHOTTKY 2A 100V SMA,SMA,DIGI-KEY,SS210-TPMSCT-ND
443,STPSC4H065D,20,DIODE SCHOTTKY 650V 4A,TO220AC,DIGI-KEY,497-13443-ND
444,STTH1602CFP,20,DIODE ARRAY GP 200V 10A,TO220FP,DIGI-KEY,497-3542-5-ND
445,STTH2002DI,2,DIODE ULTRAFAST 200V 20A,TO220AC,DIGI-KEY,497-5276-5-ND
446,STTH3R06S,3,DIODE GEN PURP 600V 3A,SMC,DIGI-KEY,497-3779-1-ND
447,TSPB5H150S,25,DIODE SCHOTTKY 150V 5A Power DFN,SMPC4.0,DIGI-KEY,TSPB5H150S S1GCT-ND
448,TSF20H200C C0G,25,DIODE ARRAY SCHOTT 200V 2x10A ITO220AB,TO220FP,DIGI-KEY,TSF20H200CC0G-ND
449,UF4007,43,DIODE FAST 1000V 1A,DO41,DIGI-KEY,UF4007CT-ND
450,UPS5819E3/TR7,17,DIODE SCHOTTKY 1A 40v POWERMITE1,DO216AA,DIGI-KEY,UPS5819E3CT-ND
451,V8P10-M3/86A,14,DIODE SCHOTTKY 8A 100V,SMPC,DIGI-KEY,V8P10-M3/86AGICT-ND
452,2SA11230RA,9,TRANSISTOR PNP 150VCEO 50MA,TO92,DIGI-KEY,2SA11230RACT-ND
453,2SC26310RA,14,TRANSISTOR NPN 150VCEO 50MA,TO92,DIGI-KEY,2SC26310RACT-ND
454,BC846BDW1T1G,25,TRANS DUAL NPN 65V 100MA,SOT363,DIGI-KEY,BC846BDW1T1GOSCT-ND
455,BC856BDW1T1G,25,TRANS DUAL PNP 65V 100MA,SOT363,DIGI-KEY,BC856BDW1T1GOSCT-ND
456,BC850C,14,TRANSISTOR NPN 45V 100mA KLEINSIGNAL,SOT23,FARNELL,108-1241
457,BC860C,3,TRANSISTOR PNP 45V 100mA KLEINSIGNAL,SOT23,FARNELL,108-1249
458,BSS138,86,MOSFET N-CH 50V 220MA,SOT23,DIGI-KEY,BSS138CT-ND
459,BSS84 T/R,97,MOSFET P-CH 50V 130MA,SOT23,DIGI-KEY,568-1660-1-ND
460,DMMT5401-7-F,24,TRANS DUAL PNP 150 200MA,SOT26,DIGI-KEY,DMMT401-FDICT-ND
461,DMMT5551-7-F,25,TRANS DUAL NPN 160V 200MA,SOT26,DIGI-KEY,DMMT5551-FDICT-ND
462,DMT10H010LK3-13,20,MOSFET N-CH 100V 68.8A,TO252,DIGI-KEY,DMT10H010LK3-13DICT-ND
463,DS8880,5,MOSFET N KANAL 30V 11.6A,8SOIC,FARNELL,700669
464,FCPF20N60,0,MOSFET N-CH 600V 20A,TO220-F,,-
465,FDC606P,24,MOSFET P-CH 12V 6A,SSOT-6,DIGI-KEY,FDC606PCT-ND
466,FDPF39N20,0,MOSFET N-CH 200V 39A,TO-220F,DIGI-KEY,FDPF39N20-ND
467,FDPF13N50FT,0,MOSFET N-CH 500V 12A,TO-220F,DIGI-KEY,FDPF13N50FT-ND
468,FJA43130TU,1,TRANSISTOR NPN 230V 15A,TO3-P,DIGI-KEY,FJA43130TU-ND
469,FMMT491TA,6,TRANSISTOR HP NPN 60V 1000mA,SOT23,DIGI-KEY,FMMT491CT-ND
470,FMMT591TA,8,TRANSISTOR HP PNP 60V 1000MA,SOT23,DIGI-KEY,FMMT591CT-ND
471,FOD817C300W,14,OPTOCOUPLER PHOTOTRANS OUT,4DIP,DIGI-KEY,FODB17C300W-ND
472,IPA60R170CFD7XKSA1,20,MOSFET N-CH TO220FP-3 650V 8A 26W,TO220FP-3,DIGI-KEY,IPA60R170CFD7XKSA1-ND
473,IPA60R280CFD7XKSA1,20,MOSFET N-CH TO220FP-3 650V 6A 24W ,TO220FP-3,DIGI-KEY,IPA60R280CFD7XKSA1-ND
474,IPAW60R180P7SXKSA1,20,MOSFET N-CHANNEL 650V 18A,TO220,DIGI-KEY,IPAW60R180P7SXKSA1-ND
475,IPB009N03L,30,MOSFET N-CH 30V 180A ,TO263-7,DIGI-KEY,IPB009N03L GCT-ND
476,IPP139N08N3 G,7,MOSFET N-CH 80V 45A ,TO220-3,DIGI-KEY,IPP139N08N3 G-ND
477,IPP60R099CP,1,MOSFET N-CH 600V 31A,TO220,DIGI-KEY,IPP60R099CPIN-ND
478,IPP530N15N3 G,10,MOSFET N-CH 150V 21A,TO220-3,DIGI-KEY,IPP530N15N3 G-ND
479,IPW65R110CFD,18,MOSFET N-CH 650V 31.2A,TO247,DIGI-KEY,IPW65R110CFD-ND
480,IRF8707TRPBFCT-ND,4,MOSFET N-CH 30V 11A,8SOIC,DIGI-KEY,IRF8707TRPBFCT-ND
481,IRLI3615PBF,20,MOSFET N-CH 150V 14A,TO220FP,DIGI-KEY,IRLI3615PBF-ND
482,IRLML6344TRPBF,6,MOSFET N-CH 30V 5A,SOT23,,IRLML6344TRPBFCT-ND
483,IRLML6402PBF,21,MOSFET P 20V 3.7A 65mR,SOT23,FARNELL,910-3503
484,IRLML6402TRPBF,1,MOSFET P-CH 20V 3.7A,SOT23,DIGI-KEY,IRLML6402TRPBF-ND
485,IRLMS6802TRPBF,8,MOSFET P-CH 20V 5.6A,6-TSOP,DIGI-KEY,IRLMS6802PBFCT-ND
486,IXTH15N50L2,30,MOSFET N-CH 500V 15A ,TO-247,DIGI-KEY,IXTH15N50L2-ND
487,IXTQ30N60L2,0,MOSFET N-CH 30A 600V,TO-3P,DIGI-KEY,IXTQ30N60L2-ND
488,LOC110STR,6,OPTOCOUPLER TRANSISTOR,8 SMD,DIGI-KEY,CLA114CT-ND
489,LTV-816S,32,OPTOCOUPLER,,MOUSER,859-LTV-816S
490,LTV-826S,9,OPTOISOLATOR HIGH VCEO 2CH SMD ,,DIGI-KEY,160-1363-5-ND
491,LTV-846S,8,OPTOISOLATOR HIGH VCEO 4CH SMD , ,DIGI-KEY,160-1365-5-ND
492,MMBT2222A,74,TRANSISTOR GP NPN AMP 40V 600mA,SOT23,DIGI-KEY,MMBT2222AFSCT-ND
493,MMBT2907A,88,TRANSISTOR GP PNP AMP 60V 600mA,SOT23,DIGI-KEY,MMBT2907AFSCT-ND
494,MMBT3904,94,TRANSISTOR GP NPN AMP 40V 200mA,SOT23,DIGI-KEY,MMBT3904FSCT-ND
495,MMBT3906,90,TRANSISTOR GP PNP AMP 40 200mA,SOT23,DIGI-KEY,MMBT3906FSCT-ND
496,NDF06N60ZG,10,MOSFET N-CH 600V 7.1A,TO-220F,DIGI-KEY,NDF06N60ZG-ND
497,OPI1264C,25,ISOLATOR OPTICALLY COUPLED 125MA,,DIGI-KEY,365-1033-ND
498,PBHV8215Z.115,33,TRANSISTOR NPN 150V 2A,SOT223,DIGI-KEY,568-6379-1-ND
499,PC817X4J000F,7,PHOTOCOUPLER TRAN OUT,4 DIP,DIGI-KEY,425-2188-5-ND
500,PSMN028-100YS.115,10,MOSFET N-CH 100V 42A,Power SO8,DIGI-KEY,568-6543-1-ND
501,SPA21N50C3,5,MOSFET N-CH 560V 21A,TO220,DIGI-KEY,SPA21N50C3IN-ND
502,SPW11N60C3,12,MOSFET N-CH 650V 11A,TO247,DIGI-KEY,SPW11N60C3IN-ND
503,STF16N60M2,20,MOSFET N-CH 600V 12A,TO-220FP,DIGI-KEY,497-16013-5-ND
504,24AA32AT-I/OT,5,IC EEPROM 32KBIT 400KHZ,SOT23-5,DIGI-KEY,24AA32AT-I/OTCT-ND
505,24AA64-I/SN,0,IC EEPROM 64KBIT 400KHZ,8SOIC,DIGI-KEY,24AA64-I/SN-ND
506,25LC256-I/SN,1,IC MICROCHIP EEPROM 32KX8 - 2.5V,,MOUSER,579-25LC256-I/SN
507,74ACT14SC,10,IC INVERTER HEX SCHMITT,14SOIC,DIGI-KEY,74ACT14SC-ND
508,ACS713ELCTR-30A-T,2,SENSOR CURENT 30A 5V UNI,8-SIOC,DIGI-KEY,620-1193-1-ND
509,ACS770ECB-200U-PFF-T,5,IC SENSOR HALL EFFECT,,DIGI-KEY,620-1537-5-ND
510,ADS1234IPW,5,IC ADC 24BIT BRDG SENSOR,28TSSOP,DIGI-KEY,296-18673-5-ND
511,ADUM1201ARZ-RL7,2,IC ISOLATOR DIGITAL DUAL,8SOIC,DIGI-KEY,ADUM1201ARZ-RL7CT-ND
512,AN431AN-ATRG1,100,IC VREF SHUNT ADJ SOT23-3,,DIGI-KEY,AN431AN-ATRG1DICT-ND
513,AT26DF081A-SU,1,IC FLASH 8MBIT 70MHZ,8SOIC,DIGI-KEY,AT26DF081A-SU-ND
514,ATMEGA32-16AU,3,IC AVR MCU 32K 16MHZ 5V,44TQFP,DIGI-KEY,ATMEGA32-16AU-ND
515,BQ24070RHLT,7,IC SINGLE INPUT CHARGER,,MOUSER,595-BQ24070RHLT
516,DPA424PN,9,IC DC/DC CONTROLLER,,FARNELL,144-8215
517,DSPIC30F2023-30I/PTD32,14,IC DSPIC MCU/DSP 12K ???,,DIGI-KEY,DSPIC30F2023-30I/PTD32-ND
518,DSPIC33FJ128GP306-I/PT,4,IC DSPIC MCU/DSP 128K,64TQFP,DIGI-KEY,DSPIC33FJ128GP306-I/PT-ND
519,DSPIC33FJ128MC204-I/PT,5,IC 16BIT MCU-DSP SMD,,FARNELL,151-0867
520,DSPIC33FJ16GS504-I/PT,10,IC DSPIC MCU/DSP 16K,44TQFP,DIGI-KEY,DSPIC33FJ16GS504-I/PT-ND
521,FAN256L8X,8,IC COMPARATOR DUAL LV ,8-MICROPAK,DIGI-KEY,FAN256L8XFSCT-ND
522,FAN4810MX,5,IC PFC CTRL AVERAGE CURR,16SOIC,DIGI-KEY,FAN4810MXCT-ND
523,FAN7390M1X,2,IC DRIVER GATE HI/LO SIDE,14SOIC,DIGI-KEY,FAN7390M1XCT-ND
524,FAN7390N,8,IC HALF BRIDGE GATE,8DIP,MOUSER,512-FAN7390N
525,FTDI232BM,3,IC USB/SERIAL,,,-
526,FTDI2232L,2,IC USB/SERIAL,48LQFP,DIGI-KEY,604-00033G-ND
527,HCF4014M013TR,2,IC SYNC PAR/SERIAL IN/OUT,16SOIC,DIGI-KEY,497-1116-1-ND
528,INA196AIDBVR,9,IC CURRENT MONITOR 3 %,SOT23-5,DIGI-KEY,296-26068-1-ND
529,INA197AQDBVRQ1,7,IC CURRENT SHUNT MONITOR,SOT23-5,DIGI-KEY,296-22158-1-ND
530,INA198AQDBVRQ1,0,IC CURRENT SHUNT MONITOR,SOT23-5,DIGI-KEY,296-22159-1-ND
531,IRAMS06UP60A,2,IC POWER DRIVER MODULE 6A,,FARNELL,1019919
532,KM41201T6TR3,3,IC OPAMP HIGH PERFUER,,FARNELL,360-6600
533,L4981AD013TR,5,IC PFC CTRL AVERAGE CURR,20SOIC,DIGI-KEY,497-4562-1-ND
534,LM10CWM/NOPB,3,IC OPAMP & VOLT REF,14SOIC,DIGI-KEY,LM10CWM-ND
535,LM2674M-ADJ/NOPB,2,IC REG SIMPLE SWITCHER,8SOIC,DIGI-KEY,LM2674M-ADJ-ND
536,LM2904DRG4,16,IC OPAMP GP 700KHZ,8SOIC,DIGI-KEY,296-39004-1-ND
537,LM321MF,4,IC SM SINGLE OPAMP,,FARNELL,412-5095
538,LM3414HVMR/NOPB,10,IC LED DRIVER 1A,8PSOP,DIGI-KEY,LM3414HVMR/NOPB-ND
539,LM3429MH/NOPB,10,IC LED DRVR HP CONS CURR,14TSSOP,DIGI-KEY,LM3492MH/NOPB-ND
540,LM3S1968-IQC50,3,IC ARM CORTEX MCU 256K,100LQFP,DIGI-KEY,726-1113-ND
541,LM3S818-IQN50,5,IC ARM CORTEX MCU 64K,48LQFP,DIGI-KEY,726-1022-ND
542,LM5008MM/NOPB,4,IC BUCK ADJ 0.35A DUAL,8MSOP,DIGI-KEY,LM5008MMCT-ND
543,LM5010AMH/NOPB,0,IC BUCK ADJ 1A ,14TSSOP,DIGI-KEY,LM5010MH-ND
544,LM5060MM/NOPB,10,IC GATE DRIVER HIGH-SIDE,10VSSOP,DIGI-KEY,296-39024-1-ND
545,LMH6642MA,3,IC SM 3V 130MHZ RRD AMP,,FARNELL,412-5940
546,LMP7716MM/NOPB,4,IC OPAMP GP 17MHZ RRO,8VSSOP,DIGI-KEY,LMP7716MM/NOPBCT-ND
547,LMV321IDBVR,5,IC SM OPAMP RAIL/RAIL,,FARNELL,355-8538
548,LMV791MK,16,IC OPAMP CMOS 1.8V,TSOT23-6,DIGI-KEY,LMV791MKCT-ND
549,LNK362GN,1,IC LINE SWITCHER 2.8W SMD,,FARNELL,113-4728
550,LNK363GN-TL,10,IC OFFLINE SWITCH HV,8SMD,DIGI-KEY,596-1087-1-ND
551,LNK563GN,8,IC LINE SWITCHER ???W SMD,,FARNELL,113-4724
552,LNK616GG,3,IC OFFLINE SWIT CV/CC HV,8SOIC,DIGI-KEY,596-1234-5-ND
553,LNK626PG,12,IC OFFLINE SWITCH OTP OCP CV,8DIP,DIGI-KEY,596-1254-5-ND
554,LP2951CMX,10,IC REG ADJ MICRO POWER,8SOP,DIGI-KEY,LP2951CMXFSCT-ND
555,LPC1758FBD80.551,5,IC ARM CORTEX MCU 512K,80LQFP,DIGI-KEY,568-4792-ND
556,LTC1540CS8#PBF,1,IC COMP NANOPOWER W/REF,8SOIC,DIGI-KEY,LTC1540CS8#PBF-ND
557,LTC6102CMS8#PBF,4,IC OPAMP CURR SENSE 200KHZ,8MSOP,DIGI-KEY,LTC6102CMS8#PBF-ND
558,M24C32BN6/DIL8,0,IC EEPROM 32Kx8,8DIP,DISTRELEC,646419
559,MAX3232CSE,1,IC SCHNITTSTELLEN,,DISTRELEC,648973
560,MAX3243ECPWR,2,IC 3V-5.5V MULTICHANNEL RS323 DRIVE,,DIGI-KEY,296-19808-1-ND
561,MC34072ADR2G,10,IC OPAMP GP 4.5MHZ,8SOIC,DIGI-KEY,MC34072ADR2GOSCT-ND
562,MCP1631HV-330E/ST-ND,2,IC INTEGRATED PWM HS,20TSSOP,DIGI-KEY,MCP1631HV-330E/ST-ND
563,MCP1824T-ADJE/DC,25,IC LOW DROPOUT REGULATORS 300mA,,MOUSER,579-MCP1824T-ADJE/DC
564,MCP6001T-I-OT,24,IC OPAMP GP 1MHZ RRO,SOT23-5,DIGI-KEY,MCP6001T-I/OTCT-ND
565,MCP6022-E/SN,19,IC OPAMP DUAL 2.5V 10MHZ,8SOIC,DIGI-KEY,MCP6022-E/SN-ND
566,MCP6041-I/SN,29,IC OPAMP 1.4V SNGL SUPPLY,8SOIC,DIGI-KEY,MCP6041-I/SN-ND
567,MCP6541RT- E/OT,3,IC COMP 1.6V SGNL P-P SOT 23-5,,DIGI-KEY,MCP6541RT- E/OT-ND
568,MCP73843-420I/MS,9,IC CONTROLLER LI-ION 4.2V,8MSOP,DIGI-KEY,MCP73843-420I/MS-ND
569,MCP73861-I/SL-ND,9,IC CONTROLLER LI-ION 4.1V,16SOIC,DIGI-KEY,MCP73861-I/SL-ND
570,MCP79410-I/MS,8,IC RTC ALARM NVSRAM ,8MSOP,DIGI-KEY,MCP79410-I/-ND
571,MCP9701A-E/TO,9,IC SENSOR THERMAL 3.1V,TO-92-3,DIGI-KEY,MCP9701A-E/TO-ND
572,MCP9701T-E/TT,5,IC THERMISTOR LOW PWR,SOT23-3,DIGI-KEY,MCP9701T-E/TTCT-ND
573,MCP65R41T-2402E/CHY,9,IC COMPARATOR 2.4V REF,SOT-23-6,DIGI-KEY,MCP65R41T-2402E/CHYCT-ND
574,MSP430F2131IDWR,1,IC MCU 16BIT 8K FLASH,20SOIC,DIGI-KEY,296-18117-1-ND
575,MSP430F4270IDLR,5,IC MCU 16BIT 32K FLASH,48SSOP,DIGI-KEY,296-18070-1-ND
576,NCP1030DMR2G,7,IC CTRLR PWM OTP OVD HV MICRO8,,DIGI-KEY,NCP1030DMR2GOSCT-ND
577,NCP1395ADR2G,8,IC PWM CONTROLLER,,DIGI-KEY,NCP1395ADR2G
578,NCP1396ADR2G,9,IC REG CTRLR ISO PWM VM,16SOIC,DIGI-KEY,NCP1396ADR2G-ND
579,NCP1397ADR2G,10,IC REG CTRLR ISO PWM ,16SOIC,DIGI-KEY,NCP1397ADR2GOSCT-ND
580,NCP13992AADR2G,10,HIGH PERF CURRENT MODE RE,,DIGI-KEY,NCP13992AADR2GOSCT-ND
581,NCP1399AADR2G,20,IC OFFLN CONV HALF-BRIDGE,16SOIC,DIGI-KEY,NCP1399AADR2GOSCT-ND
582,NCP3063BDR2G,20,IC REG SW DC/DC 1.5A,8SOIC,DIGI-KEY,NCP3063BDR2GOSCT-ND
583,PFS723EG,10,IC PFC CTLR 280W 180 V ESIP,,DIGI-KEY,596-1389-ND
584,PLC810PG,4,IC  CTRL PFC H-BRIDGE DVR,24DIP,DIGI-KEY,596-1264-5-ND
585,PIC16F505-I/SL,5,IC MCU FLASH 1KX12,14SOIC,DIGI-KEY,PIC16F505-I/SL-ND
586,PIC16F610-I/SL,5,IC PIC MCU FLASH 1KX14,14SOIC,DIGI-KEY,PIC16F610-I/SL-ND
587,PIC32MX360F512L-80I/PT,4,IC PIC MCU FLASH 512,100TQFP,DIGI-KEY,PIC32MX360F512L-80I/PT-ND
588,PIC32MX675F256H-80I/PT,9,IC MCU 32BIT 256KB FLASH,64TQFP,DIGI-KEY,PIC32MX675F256H-80I/PT-ND
589,SC4503TSKTRT,10,IC BOOST SEP IC ADJ 1.4A,TSOT23,DIGI-KEY,SC4503TSKCT-ND
590,SI8511-C-IS,5,SENSOR CURR 5A 5.5V UNI,20SOIC,DIGI-KEY,336-1727-5-ND
591,SI8420AB-D-IS,4,IC ISOLATOR 2CH 5.5V,8SOIC,DIGI-KEY,336-1753-5-ND
592,SN65HVD3082ED,10,IC SW TRANCEIVER RS485,,,-
593,ST1S10PHR,5,IC VOLTAGE REGULATOR,,MOUSER,511-ST1S10PHR
594,ST485CDR,2,IC TXRX 5V RS485/422 LP,8SOIC,DIGI-KEY,497-3734-1-ND
595,STM32F103CBT6,1,IC MCU ARM 128K FLASH/TIMER,,DIGI-KEY,497-6288-ND
596,STM32F205VCT6,0,IC MCU ARM 256KB FLASH,100LQFP,DIGI-KEY,497-11159-ND
597,STM32F205VGT6,2,IC 32BIT ARM CORTEX M3,,MOUSER,511-STM32F205VGT6
598,STM32F303VCT6,12,IC MCU 32BIT 256KB FLASH,100LQFP,DIGI-KEY,497-13233-ND
599,STM32G071CBT6,10,IC MCU 32BIT 128KB FLASH,48LQFP,DIGI-KEY,497-18342-ND
600,STM32L011F4P6,8,IC MCU 32BIT 16KB FLASH,20TSSOP,DIGI-KEY,497-17477-ND
601,STM32L031F6P6,10,IC MCU 32BIT 32KB FLASH,20TSSOP,DIGI-KEY,497-17484-ND
602,STM32L-DISCOVERY,1,EVAL KIT STM32L DISCOVERY,,DIGI-KEY,497-11152-ND
603,STM32L051K8T6,3,IC MCU 64KB FLASH 32MHZ,32LQFP,DIGI-KEY,497-14901-ND
604,STM32L052K8T6,4,IC MCU 64KB FLASH 32MHZ,32LQFP,DIGI-KEY,497-14904-ND
605,TL3845DR-8,19,IC CUR-MODE PWM CONT,8SOIC,DIGI-KEY,296-10179-1-ND
606,TL431CDBZRG4,0,IC SM SHUNT REGULATOR,,FARNELL,105-3415
607,TLV1117CDCYR,9,IC LDO REG ADJ,SOT223,DIGI-KEY,296-17598-1-ND
608,TLV2401CDR,80,IC OPAMP GP 5.5KHZ RR0,8SOIC,DIGI-KEY,296-10530-1-ND
609,TLV8541DBVR,100,RRIO NANOPOWER OP AMP,,DIGI-KEY,296-47595-1-ND
610,TNY280PN,4,IC SWITCH OFF-LINE 14/36.5W ,8DIP,DIGI-KEY,596-1096-5-ND
611,TPS71501DCKR,14,IC SM ADJ LDO REG 50MA,,FARNELL,4420081
612,TPS3803-01MDCKREP,0,IC MIL ENHANCE SGL VLTG,,MOUSER,595-TPS3803-01MDCKREP
613,TPS3803-01QDCKRQ1,5,IC AUTO CAT DUAL VLTG,,MOUSER,595-TPS380301QDCKRQ1
614,TS3A4751PWR,4,IC SWITCH QUAD SPST,14TSSOP,DIGI-KEY,296-20700-01-ND
615,TS922IDT,0,IC OPAMP DUAL R-R IN/OUT,8SOIC,DIGI-KEY,497-6035-1-ND
616,TS9224IDT,10,IC OPAMP QUAD R-R,14SOIC,DIGI-KEY,497-10624-1-ND
617,TS922IYDT,7,IC OPAMP R-R DUAL BICMOS,8SOIC,DIGI-KEY,497-10257-1-ND
618,UC3907DW,5,IC LOAD SHARE CTRL,16SOIC,DIGI-KEY,296-2530-5-ND
619,UCC25630-1DDBT,11,HALF BRIDGE CONT WITH HV DRIVER,,DIGI-KEY,296-47422-1-ND
620,UCC25630-2DDBT,49,HALF BRIDGE CONT WITH HV DRIVER,,DIGI-KEY,296-47577-ND
621,UCC27324D,0,IC MOSFET DRIVER DUAL,,FARNELL,8462666
622,UCC28019AD,15,IC CCM PFC CONTROLLER,8SOIC,DIGI-KEY,296-24543-5-ND
623,UCC28019DR,1,IC CCM PFC CONTROLLER,8SOIC,DIGI-KEY,296-21936-1-ND
624,UCC28060D,11,IC DUAL-PHASE PFC CTRL,16SOIC,DIGI-KEY,296-22621-5-ND
625,UCC28070DWR,5,IC PFC CONTROLLER 2-PH,20SOIC,DIGI-KEY,296-24605-1-ND
626,UCC28070PWR,5,IC PFC CONTROLLER,20TSSOP,DIGI-KEY,296-23630-1-ND
627,UCC28180D,19,IC PFC CONTROLLER AVERAGE CURR,8SOIC,DIGI-KEY,296-37132-5-ND
628,UCC28230PWR,5,IC PWM CTRL FOR BUS CONV,14TSSOP,DIGI-KEY,296-23561-1-ND
629,UCC37324D,24,IC DUAL HS PWR FET DRVR,8SOIC,DIGI-KEY,296-15694-5-ND
630,UCC3895DW,4,IC PHASE SHIFT PWM CTRL,20SOIC,DIGI-KEY,296-2552-5-ND
631,UCD8220PWP,10,IC PWM CONTROLLER P-P,16HTSSOP,DIGI-KEY,296-18592-5-ND
632,W25Q80DVSSIG,10,IC FLASH 8MBIT 104MHZ ,8SOIC,DIGI-KEY,W25Q80DVSSIG-ND
633,ZXRE250BSA,25,IC VREF SHUNT ADJ ,SOT23,DIGI-KEY,ZXRE250BSA-7DICT-ND
634,1140-121K-RC,2,CHOKE RF HI CURR 120UH 10% RAD,,DIGI-KEY,M8378-ND
635,12LRS104C,10,INDUCTOR RAD 100UH 1.4A T/H 10X8,,DIGI-KEY,811-2074-ND
636,12LRS224C,20,INDUCTOR RAD 220UH 0.78A T/H 10X8,,DIGI-KEY,811-2082-ND
637,12LRS473C,5,INDUCTOR RAD 47UH 1.7A T/H 10X8,,DIGI-KEY,811-2088-ND
638,22R155C,9,PS POWER INDUCTOR,,MOUSER,580-22R155C
639,7508110101,1,TRANS OFF LINE POWER PI LNK616,,DIGI-KEY,732-2247-ND
640,78602/9C,4,TRANSFORMER 1:1:1 10MH 56VUS,,DIGI-KEY,811-1266-5-ND
641,AB38T-32.768KHZ,11,CRYSTAL 32.768KHZ 12.5PF CYL,,DIGI-KEY,535-9034-ND
642,ABLS-14.7456MHZ-B2-T,8,CRYSTAL 14.7456MHZ 18PF FUND SMD,,DIGI-KEY,535-9070-1-ND
643,AWSCR-8.00CV-T,10,RESONATOR CER 8.00MHZ W/CAP SMD,,DIGI-KEY,535-10004-1-ND
644,AWSCR-20.00CV-T,9,RESONATOR CER 20.00MHZ W/CAP SMD,,DIGI-KEY,535-10011-1-ND
645,B82144A2105J,12,INDUKTIVITAET 1000UH,,FARNELL,517-896
646,B82725A2103N1,0,DROSSEL NETZ PCB LIEGEND 1.8MH,,FARNELL,608786
647,CDRH6D28NP-101NC,2,POWER INDUCTOR 100UH 0.54A SMD,,DIGI-KEY,308-1488-1-ND
648,CWX823-16.384M,2,OSC 16.3840MHZ 3.3V +-50PPM SMD,,DIGI-KEY,CW443CT-ND
649,EC2-5NU,0,RELAY GEN PURPOSE DPTP 2A 5V,,DIGI-KEY,399-11052-5-ND
650,HAS300-S,2,SENSOR CURR 300A -/+15V MOD,,DIGI-KEY,398-1052-ND
651,HC49US22.1184MABJ-UB,10,CRYSTAL 22.1184 MHZ HC49/US,,DIGI-KEY,300-8509-ND
652,HCPT1309-2R2-R,2,INDUCTOR POWER 2.27UH 19.7A T/H,,DIGI-KEY,513-1521-ND
653,HX 10-P,0,SENSOR CURRENT 10A -/+15V BI MOD,,,-
654,HX 15-P,1,SENSOR CURRENT 15A -/+15V BI MOD,,DIGI-KEY,398-1037-ND
655,HZ0805E601R - 10,98,FERRITE 500MA 600 OHM ,0805 SMD,DIGIKEY,240-2399-1-ND
656,LQH6PPN3R3N431,5,MURATA POWER INDUCTOR 3.3uH 0.016 OHM,,MOUSER,81-LQH6PPN3R3N431
657,MLZ2012M100WT000,10,FIXED IND 10UH 350MA 470 MOHM,,DIGI-KEY,445-6396-1-ND
658,NFM21CC101U1H3D,40,FILTER HIGH FREQ 100PF,0805 SMD,DIGI-KEY,490-2534-1-ND
659,NFM21PC105B1C3D,35,FILTER LC HIGH FREQ 1.0F,0805 SMD,DIGI-KEY,490-3912-1-ND
660,NR3015T1R0N,10,INDUCTOR 1.0UH 30% SMD,,DIGI-KEY,587-1647-1-ND
661,NX8045GB-25.000000MHZ,1,CRYSTAL 25.000000MHZ SMD 8PF,,DIGI-KEY,644-1028-1-ND
662,ORWH-SH-112D1F.000,25,RELAY GEN PURPOSE SPDT 10A 12V,,DIGI-KEY,PB2029-ND
663,P1715L,2,INDUCTOR POWER TOROID 1.81UH TH,,DIGI-KEY,553-1114-ND
664,PA0489L,2,INDUCTOR POWER TOROID 1.05UH TH,,DIGI-KEY,553-1112-ND
665,PG02S4805A,7,DCDC CONVERTER 5VOUT 2W,,DIGI-KEY,941-1186-ND
666,POTENSIO ENCODER,20,,,,
667,RF1260-101M,5,INDUCTOR POWER DUAL 100L,,FARNELL,852852
668,RF1260-680M,4,INDUCTOR POWER DUAL 68UH,,FARNELL,852849
669,RN214-2-02,9,CHOKE COMPENSATED 4.2MH 2A VERT,,DIGI-KEY,817-1577-ND
670,RT314A12,4,RELAY PWR LATCH SPDT 16A 12VDC,,DIGI-KEY,PB1088-ND
671,SDR1105-330KL,10,INDUCTOR POWER 33UH 10%,SMD,DIGI-KEY,SDR1105-330KLCT-ND
672,SRF0703-4R7M,0,IND SHIELDED POWER 4.7UH,,DIGI-KEY,SRF0703-4R7MCT-ND
673,SRF0703-100M,7,IND SHIELDED POWER 10UH,,DIGI-KEY,SRF0703-100MCT-ND
674,SRF0703-150M,5,IND SHIELDED POWER 15UH,SMD,DIGI-KEY,SRF0703-150MCT-ND
675,SRF0703-220M,5,IND SHIELDED POWER 22UH,SMD,DIGI-KEY,SRF0703-220MCT-ND
676,SRR1210-390M,10,INDUCTOR 39UH 4.2A,SMD,DIGI-KEY,SRR1210-390MCT-ND
677,SRF1260-100M,5,IND SHIELDED POWER 10UH,,DIGI-KEY,SRF1260-100MCT-ND
678,SRF1260-330M,5,IND SHIELDED POWER 33UH,SMD,DIGI-KEY,SRF1260-330M
679,SRF1260-470M,3,IND SHIELDED POWER 47UH,SMD,DIGI-KEY,SRF1260-470MCT-ND
680,SRR1260-101M,5,INDUCTOR POWER 100UH 1.7A,SMD,DIGI-KEY,SRR1260-101MCT-ND
681,SRR1260-221K,5,INDUCTOR POWER 220UH 1.38A,SMD,DIGI-KEY,SRR1260-221KCT-ND
682,SRR1260-151K,5,INDUCTOR POWER 150UH 1.55A,SMD,DIGI-KEY,SRR1260-151CT-ND
683,TSL0709RA-150K1R6-PF,5,INDUCTOR 15UH 1.6A RADIAL,,DIGI-KEY,445-6495-1-ND
684,TRAFO KUNING,22,,,,RL10125
685,V23079D1001B301,5,RELAY MINI DPDT 2A 5VDC,SMT,DIGI-KEY,PB1083CT-ND
686,VB 0.5/1/9,2,TRAFO Pri=230V. Sec=9V from WWW.block-trafo.de ,,,-
687,VBSD1-S3.3-S5-SIP,8,CONVERTER DC/DC 5V OUT 1W,,DIGI-KEY,102-1358-ND
688,719W-00/04,25,POWER ENT MOD RCPT IEC320-C14 PNL,,DIGI-KEY,Q203-ND
689,908140806,25,CONN HEADER 6POS 1.27MM SMD TIN,,DIGI-KEY,WM19275-ND
690,903270306,25,CONN RECEPT IDT 6POS 1.27MM TIN,,DIGI-KEY,WM19221-ND
691,12BH092,17,BATTERY HOLDER,,MOUSER,12BH092
692,1524110000,15,CONN HEADER 5.08MM 2POS,,DIGI-KEY,281-1297-ND
693,1524210000,4,CONN HEADER 5.08MM 3POS,,DIGI-KEY,281-1298-ND
694,1526410000,20,CONN PLUG TERM BLOCK 5.08MM 2POS,,DIGI-KEY,281-1243-ND
695,1526510000,4,CONN PLUG TERM BLOCK 5.08MM 3POS,,DIGI-KEY,281-1244-ND
696,1-796692-0,9,TERMINAL BLOCK 10POS STACK 5.08MM PC,,DIGI-KEY,A98271-ND
697,2-1437667-4,4,CONN BARRIER STRIP DL 2POS .325,,DIGI-KEY,A98472-ND
698,2-1437667-5,4,CONN BARRIER STRIP DL 3POS .325,,DIGI-KEY,A98473-ND
699,63824-1,50,CONN QC TAB 0.250 SOLDER,,DIGI-KEY,A29938CT-ND
700,690-005-299-043,9,CONN MINI USB RCPT RA TYPE B,SMD,DIGI-KEY,151-1206-1-ND
701,BHX1-1025-PC,5,HOLDER BATT FOR 1025 CELL PCB,,DIGI-KEY,BHX1-1025-PC-ND
702,BHX2-2032-PC,4,HOLDER BATT-STACK 2 CR2032 PCB,,DIGI-KEY,BHX2-2032-PC-ND
703,CONSMA002,4,CONN FEMALE R/A PCB MT,,DIGI-KEY,CONSMA002-ND
704,CONSMA002-L,3,CONN FEMALE R/A PCB MT EXT,,DIGI-KET,CONSMA002-L-ND
705,CONSMA003.062,4,"CONN FEMALE EDGE MT FOR .062"" BD",,DIGI-KEY,CONSMA003.062-ND
706,CONSMA003.062-L,5,"CONN FEMALE EDGE MT FOR .062"" BD EXT",,DIGI-KEY,CONSMA003.062-L-ND
707,CONSMA008,3,CONN SMA FEMALE PCB MT EXT,,DIGI-KEY,CONSMA008-ND
708,DF11-14DP-2DS(24),8,CONN HEADER 14POS 2MM RT ANG TIN,,DIGI-KEY,H10249-ND
709,DF11-14DS-2DSA(05),9,CONN RECEPT14 POS 2MM PCB TIN,,DIGI-KEY,H10173-ND
710,J0026D21BNL,2,CONN PULSEJACK 1PORT 10/100B-TX,,DIGI-KEY,553-1349-ND
711,MEMBRAN SWITCH,10,,,,
712,MSM-02041,18,TERMINAL BLOCK 2X1 from COMPONA-261 070,,COMPONA,261070
713,MSM-03041,19,TERMINAL BLOCK 3X1 from COMPONA-261 071,,COMPONA,261071
714,PP-018,10,CONN DC PWR PLUG 1.1X3.5X7.6MM,,DIGI-KEY,CP-018-ND
715,R324,6,FUSEHOLDER,,MOUSER,441-R324-GR
716,SP400-0.007-00-90,100,THERM PAD 21.84MMX18.8MM GRAY,,DIGI-KEY,BER208-ND
717,USB SOCKET PCB TYPE B,6,CONN USB SOCKET TYPE B,,FARNELL,347-7794
718,USB - M26FTR,10,CONN USB MINI B R/A SMD,,DIGI-KEY,ED2992CT-ND
719,NUCLEO-G071RB,2,NUCLEO -64 STM32G071 EVAL BRD,,DIGI-KEY,497-18337-ND
720,NUCLEO-L011K4,1,NUCLEO DEV BOARD STM32L011K4,,DIGI-KEY,497-16284-ND
721,NUCLEO-L031K6,1,NUCLEO DEV BOARD STM32L031K6,,DIGI-KEY,497-16283-ND
722,STM32F0DISCOVERY,1,MB1034 B-00,,ST,
723,STM32F4DISCOVERY,3,MB997B/MB997C,,ST,
724,STM32LDISCOVERY,1,,,ST,
725,STM32VLDISCOVERY,2,MB913 C-01,,ST,
, ,,,,,
